<publishData>
  <publishTarget publishUrl="H:\Temp\Azure\AzureCalendarMvc\Pub\">
    <file relUrl="Images/icons/rowdelete.png" publishTime="09/05/2009 20:29:26" />
    <file relUrl="Theme/Default/images/calendar/load-bg.png" publishTime="11/24/2009 15:19:49" />
    <file relUrl="Views/Home/Index.aspx" publishTime="09/05/2009 20:32:51" />
    <file relUrl="Theme/Default/images/share/left-btn.gif" publishTime="10/22/2009 20:25:12" />
    <file relUrl="bin/System.Web.Routing.dll" publishTime="06/11/2009 05:14:45" />
    <file relUrl="Images/icons/Item.Search.gif" publishTime="09/05/2009 20:29:26" />
    <file relUrl="Images/icons/mtgrsp-accept.gif" publishTime="09/05/2009 20:29:26" />
    <file relUrl="Theme/Default/images/alert/title.gif" publishTime="10/22/2009 20:25:13" />
    <file relUrl="Images/icons/delete.png" publishTime="09/05/2009 20:29:26" />
    <file relUrl="Theme/Shared/Error.css" publishTime="09/05/2009 20:35:13" />
    <file relUrl="Views/Web.config" publishTime="09/05/2009 20:28:30" />
    <file relUrl="App_GlobalResources/lang.en.resx" publishTime="01/20/2010 22:08:07" />
    <file relUrl="Theme/Default/images/share/glass-bg.gif" publishTime="10/22/2009 20:25:11" />
    <file relUrl="Images/icons/resultset_next.png" publishTime="09/05/2009 20:29:26" />
    <file relUrl="Theme/Default/images/share/right-btn.gif" publishTime="10/22/2009 20:25:13" />
    <file relUrl="Theme/Default/dropdown.css" publishTime="10/22/2009 21:19:10" />
    <file relUrl="Javascripts/Common.js" publishTime="01/20/2010 20:05:18" />
    <file relUrl="Images/icons/tick.png" publishTime="09/05/2009 20:29:26" />
    <file relUrl="Theme/Default/images/alert/cornersBlue.gif" publishTime="10/22/2009 20:25:13" />
    <file relUrl="Images/icons/ico1.gif" publishTime="09/05/2009 20:29:26" />
    <file relUrl="Images/icons/cal-day.gif" publishTime="09/05/2009 20:29:26" />
    <file relUrl="Images/icons/Btn.Close.gif" publishTime="09/05/2009 20:29:26" />
    <file relUrl="Images/icons/msg_im.gif" publishTime="09/05/2009 20:29:26" />
    <file relUrl="Images/icons/mtgreq.gif" publishTime="09/05/2009 20:29:26" />
    <file relUrl="Theme/Default/colorselect.css" publishTime="11/23/2009 20:13:36" />
    <file relUrl="Javascripts/lib/blackbird.js" publishTime="11/10/2009 15:00:59" />
    <file relUrl="Images/icons/msg_center.gif" publishTime="09/05/2009 20:29:26" />
    <file relUrl="Images/icons/cal-proc.gif" publishTime="09/05/2009 20:29:26" />
    <file relUrl="Images/icons/cal-month.gif" publishTime="09/05/2009 20:29:26" />
    <file relUrl="Javascripts/Plugins/jquery.dropdown.js" publishTime="09/06/2009 15:34:44" />
    <file relUrl="Theme/Default/images/calendar/bubble_combined.png" publishTime="10/22/2009 20:25:05" />
    <file relUrl="Images/icons/table_c.gif" publishTime="09/05/2009 20:29:26" />
    <file relUrl="Images/icons/calwrkwk.gif" publishTime="09/05/2009 20:29:26" />
    <file relUrl="Images/icons/clndrsmll.gif" publishTime="09/05/2009 20:29:26" />
    <file relUrl="Images/icons/mtgreq-cancel.gif" publishTime="09/05/2009 20:29:26" />
    <file relUrl="Theme/Default/images/alert/info.gif" publishTime="10/22/2009 20:25:13" />
    <file relUrl="Theme/Default/images/alert/bot.gif" publishTime="10/22/2009 20:25:13" />
    <file relUrl="Images/icons/table.gif" publishTime="09/05/2009 20:29:26" />
    <file relUrl="Theme/Default/images/calendar/grid.png" publishTime="11/24/2009 15:18:42" />
    <file relUrl="Images/icons/cal-rsc-perm.gif" publishTime="09/05/2009 20:29:26" />
    <file relUrl="bin/System.Web.Mvc.xml" publishTime="02/27/2009 16:00:18" />
    <file relUrl="Theme/Default/images/calendar/tbg.gif" publishTime="11/24/2009 15:19:00" />
    <file relUrl="Images/icons/Item.Delete.gif" publishTime="09/05/2009 20:29:26" />
    <file relUrl="Images/home/top_bg.jpg" publishTime="09/05/2009 20:29:26" />
    <file relUrl="Images/icons/cacheClear.png" publishTime="09/05/2009 20:29:26" />
    <file relUrl="Theme/Default/images/calendar/indicator_web20_working.gif" publishTime="11/24/2009 15:19:59" />
    <file relUrl="Views/Shared/Error.aspx" publishTime="09/05/2009 20:28:30" />
    <file relUrl="Images/icons/folder_user.gif" publishTime="09/05/2009 20:29:26" />
    <file relUrl="Theme/Default/images/share/hd-sprite.gif" publishTime="10/22/2009 20:25:11" />
    <file relUrl="Theme/Default/images/alert/close.gif" publishTime="10/22/2009 20:25:13" />
    <file relUrl="Theme/Default/images/alert/corners.gif" publishTime="10/22/2009 20:25:13" />
    <file relUrl="Images/icons/Item.Input.gif" publishTime="09/05/2009 20:29:26" />
    <file relUrl="Theme/Default/images/dailog/app-form.png" publishTime="09/05/2009 20:35:13" />
    <file relUrl="Theme/Default/images/dailog/top-bottom.png" publishTime="09/05/2009 20:35:13" />
    <file relUrl="Images/icons/cal-wk-week.gif" publishTime="09/05/2009 20:29:26" />
    <file relUrl="Images/icons/cn.gif" publishTime="01/20/2010 17:46:21" />
    <file relUrl="Javascripts/Plugins/xgcalendar_lang_en_US.js" publishTime="01/19/2010 21:22:55" />
    <file relUrl="Theme/Default/images/calendar/combined.gif" publishTime="10/22/2009 20:25:06" />
    <file relUrl="Theme/Default/images/alert/help.gif" publishTime="10/22/2009 20:25:13" />
    <file relUrl="Theme/Default/images/share/tool-sprites.gif" publishTime="10/22/2009 20:25:13" />
    <file relUrl="Theme/Default/alert.css" publishTime="10/22/2009 20:24:29" />
    <file relUrl="Images/icons/pgrs-sm.gif" publishTime="09/05/2009 20:29:26" />
    <file relUrl="Images/icons/us.gif" publishTime="01/20/2010 17:46:03" />
    <file relUrl="Javascripts/jquery.js" publishTime="11/12/2009 11:59:44" />
    <file relUrl="Theme/Default/images/validation/accept.png" publishTime="09/06/2009 13:54:55" />
    <file relUrl="Images/bgs/CardHeadbg.png" publishTime="09/05/2009 20:29:26" />
    <file relUrl="Images/icons/canmtg.gif" publishTime="09/05/2009 20:29:26" />
    <file relUrl="Theme/Default/images/share/table.gif" publishTime="10/22/2009 20:25:13" />
    <file relUrl="Theme/Default/dp.css" publishTime="01/20/2010 14:32:51" />
    <file relUrl="Images/icons/Item.Edit.gif" publishTime="09/05/2009 20:29:26" />
    <file relUrl="Theme/Default/images/calendar/headbg.gif" publishTime="11/24/2009 15:18:15" />
    <file relUrl="Images/icons/edit.png" publishTime="09/05/2009 20:29:26" />
    <file relUrl="Images/bgs/ch.gif" publishTime="09/05/2009 20:29:26" />
    <file relUrl="Images/icons/cal.gif" publishTime="09/05/2009 20:29:26" />
    <file relUrl="Images/icons/table_refresh.png" publishTime="09/05/2009 20:29:26" />
    <file relUrl="Javascripts/Plugins/jquery.ifrmdailog.js" publishTime="09/05/2009 20:29:27" />
    <file relUrl="Web.config" publishTime="01/20/2010 22:14:31" />
    <file relUrl="Images/icons/resultset_previous.png" publishTime="09/05/2009 20:29:26" />
    <file relUrl="Theme/Default/images/dropdown/dropdownhover.gif" publishTime="09/06/2009 13:54:55" />
    <file relUrl="Images/icons/cal-week.gif" publishTime="09/05/2009 20:29:26" />
    <file relUrl="Theme/Default/images/validation/warning.gif" publishTime="09/06/2009 13:54:55" />
    <file relUrl="Images/icons/indicator.gif" publishTime="09/05/2009 20:29:26" />
    <file relUrl="Images/icons/Item.Add.gif" publishTime="09/05/2009 20:29:26" />
    <file relUrl="Images/icons/table_r.png" publishTime="09/05/2009 20:29:26" />
    <file relUrl="Images/icons/circle_animation.gif" publishTime="09/05/2009 20:29:26" />
    <file relUrl="Images/icons/date_add.png" publishTime="09/05/2009 20:29:26" />
    <file relUrl="Images/icons/turnback.png" publishTime="09/05/2009 20:29:26" />
    <file relUrl="Views/CM/MyCalendar.aspx" publishTime="01/20/2010 21:18:15" />
    <file relUrl="Images/icons/Item.Save.gif" publishTime="09/05/2009 20:29:26" />
    <file relUrl="Theme/Default/images/share/headbg.gif" publishTime="10/22/2009 20:25:11" />
    <file relUrl="bin/System.Web.Abstractions.dll" publishTime="06/11/2009 05:14:43" />
    <file relUrl="Theme/Default/images/dropdown/dropdown.gif" publishTime="09/06/2009 13:54:55" />
    <file relUrl="Theme/Default/images/share/information.png" publishTime="10/22/2009 20:25:11" />
    <file relUrl="Images/icons/msg_email.gif" publishTime="09/05/2009 20:29:26" />
    <file relUrl="Images/bgs/CardHeadbg.jpg" publishTime="09/05/2009 20:29:26" />
    <file relUrl="Theme/Default/images/dailog/tool-sprites.gif" publishTime="09/05/2009 20:35:13" />
    <file relUrl="Images/icons/group_add.gif" publishTime="09/05/2009 20:29:26" />
    <file relUrl="bin/AzureCalendarMvcWeb.pdb" publishTime="01/20/2010 22:14:34" />
    <file relUrl="Images/bgs/plus1.gif" publishTime="09/05/2009 20:29:26" />
    <file relUrl="Javascripts/Plugins/xgcalendar_lang_zh_CN.js" publishTime="01/20/2010 17:02:17" />
    <file relUrl="Theme/Shared/images/sorry.jpg" publishTime="09/05/2009 20:35:13" />
    <file relUrl="Images/home/logo.gif" publishTime="09/05/2009 20:29:26" />
    <file relUrl="Javascripts/Plugins/jquery.validate.js" publishTime="09/06/2009 13:53:32" />
    <file relUrl="Javascripts/jquery.min.js" publishTime="09/05/2009 20:29:27" />
    <file relUrl="Views/CM/_CurrentCalData.ascx" publishTime="12/21/2009 09:53:40" />
    <file relUrl="Images/icons/date_reflash.png" publishTime="09/05/2009 20:29:26" />
    <file relUrl="Images/bgs/headbg.gif" publishTime="09/05/2009 20:29:26" />
    <file relUrl="App_GlobalResources/lang.zh-CN.resx" publishTime="01/20/2010 22:13:11" />
    <file relUrl="Theme/Shared/blackbird.css" publishTime="09/05/2009 20:35:13" />
    <file relUrl="Views/User/Login.aspx" publishTime="09/16/2009 21:38:26" />
    <file relUrl="Theme/Default/images/alert/important.gif" publishTime="10/22/2009 20:25:13" />
    <file relUrl="Images/icons/table_copy.png" publishTime="09/05/2009 20:29:26" />
    <file relUrl="bin/AzureCalendarMvcWeb.dll" publishTime="01/20/2010 22:14:34" />
    <file relUrl="bin/SubSonic.Core.dll" publishTime="12/11/2009 23:39:53" />
    <file relUrl="Images/icons/calendar.gif" publishTime="09/05/2009 20:29:26" />
    <file relUrl="Images/home/toolbarbg.jpg" publishTime="09/05/2009 20:29:26" />
    <file relUrl="Default.aspx" publishTime="09/05/2009 20:28:30" />
    <file relUrl="Javascripts/Plugins/jquery.form.js" publishTime="09/06/2009 13:53:32" />
    <file relUrl="Theme/Default/images/share/card.gif" publishTime="10/22/2009 20:25:10" />
    <file relUrl="Views/User/CreateUser.aspx" publishTime="09/16/2009 21:38:44" />
    <file relUrl="Images/icons/date.png" publishTime="09/05/2009 20:29:26" />
    <file relUrl="Theme/Default/calendar.css" publishTime="01/20/2010 20:50:41" />
    <file relUrl="Theme/Default/images/dp/btn-arrow-light.gif" publishTime="10/22/2009 20:25:08" />
    <file relUrl="Images/icons/clndr.gif" publishTime="09/05/2009 20:29:26" />
    <file relUrl="Global.asax" publishTime="09/05/2009 20:28:30" />
    <file relUrl="CreateTable.txt" publishTime="11/24/2009 10:58:48" />
    <file relUrl="Views/CM/ViewCalendar.aspx" publishTime="01/20/2010 17:39:54" />
    <file relUrl="Javascripts/Plugins/jquery.colorselect.js" publishTime="11/23/2009 20:27:45" />
    <file relUrl="Javascripts/Plugins/jquery.calendar.js" publishTime="01/20/2010 21:19:49" />
    <file relUrl="Javascripts/Plugins/jquery.datepicker.js" publishTime="01/20/2010 14:25:59" />
    <file relUrl="App_GlobalResources/lang.resx" publishTime="01/20/2010 22:13:19" />
    <file relUrl="Theme/Default/dailog.css" publishTime="09/05/2009 20:35:13" />
    <file relUrl="Theme/Default/images/validation/tooltop.gif" publishTime="09/06/2009 13:54:55" />
    <file relUrl="bin/SubSonic.Core.xml" publishTime="12/11/2009 23:38:08" />
    <file relUrl="Javascripts/Plugins/datepicker_lang_zh_Cn.js" publishTime="01/20/2010 14:10:27" />
    <file relUrl="Images/bgs/minus1.gif" publishTime="09/05/2009 20:29:26" />
    <file relUrl="Images/icons/add.png" publishTime="09/05/2009 20:29:26" />
    <file relUrl="Theme/Default/main.css" publishTime="01/20/2010 17:46:33" />
    <file relUrl="Images/icons/mtgrsp-decline.gif" publishTime="09/05/2009 20:29:26" />
    <file relUrl="Theme/Default/images/share/table_c.gif" publishTime="10/22/2009 20:25:13" />
    <file relUrl="Theme/Default/images/dailog/headbg.gif" publishTime="09/05/2009 20:35:13" />
    <file relUrl="Images/icons/msg_mobile.gif" publishTime="09/05/2009 20:29:26" />
    <file relUrl="Theme/Default/images/dp/btn-arrow.gif" publishTime="10/22/2009 20:25:09" />
    <file relUrl="Images/icons/appt.gif" publishTime="09/05/2009 20:29:26" />
    <file relUrl="bin/System.Web.Mvc.dll" publishTime="03/06/2009 16:38:34" />
    <file relUrl="Images/icons/view.png" publishTime="09/05/2009 20:29:26" />
    <file relUrl="Theme/Default/images/alert/title1.gif" publishTime="10/22/2009 20:25:13" />
    <file relUrl="Javascripts/Plugins/datepicker_lang_en_US.js" publishTime="01/20/2010 14:28:48" />
    <file relUrl="Images/icons/mtgrsp-tent.gif" publishTime="09/05/2009 20:29:26" />
    <file relUrl="Theme/Default/images/calendar/gridth.gif" publishTime="11/24/2009 15:19:18" />
    <file relUrl="Theme/Shared/images/blackbird_icons.png" publishTime="09/05/2009 20:35:13" />
    <file relUrl="UpdateFrom20091122.txt" publishTime="12/12/2009 12:32:16" />
    <file relUrl="Javascripts/Plugins/jquery.alert.js" publishTime="10/22/2009 20:20:47" />
    <file relUrl="Views/Home/Test.aspx" publishTime="09/05/2009 20:32:51" />
    <file relUrl="Javascripts/Plugins/jquery.calendar.encode.js" publishTime="01/20/2010 21:20:08" />
    <file relUrl="Images/icons/group.gif" publishTime="09/05/2009 20:29:26" />
    <file relUrl="Theme/Shared/images/blackbird_panel.png" publishTime="09/05/2009 20:35:13" />
    <file relUrl="Views/CM/EditCalendar.aspx" publishTime="01/20/2010 15:18:46" />
    <file relUrl="Theme/Default/images/validation/exclamation.png" publishTime="09/06/2009 13:54:55" />
  </publishTarget>
</publishData>